message_id,processed_at
m1,2026-03-27T17:38:13.030712
wamid.HBgMOTE4NjU3MTIwMTA1FQIAEhgWM0VCMDI3ODM2ODZFNTQyNTVERTczMwA=,2026-03-27T17:58:02.780271
wamid.HBgMOTE4NjU3MTIwMTA1FQIAEhgWM0VCMEY1NEJGNTMxMjlCRTE4NjE2MAA=,2026-03-27T18:07:30.712609
wamid.HBgMOTE4NjU3MTIwMTA1FQIAEhgWM0VCMEIyMTdFOTRFQkREOTk2RDFCRAA=,2026-03-27T18:07:40.006946
wamid.HBgMOTE4NjU3MTIwMTA1FQIAEhgWM0VCMDlGMUEzOEU3MkVDQzg3NDlFMgA=,2026-03-27T18:07:46.806814
wamid.HBgMOTE4NjU3MTIwMTA1FQIAEhgWM0VCMEM4MTRDMThDOEU0MzcyNzAyRgA=,2026-03-27T18:07:54.167618
wamid.HBgMOTE4NjU3MTIwMTA1FQIAEhgWM0VCMDk5NjVGNDY5QTg5NjhGQTlGMgA=,2026-03-27T18:08:12.143932
wamid.HBgMOTE4NjU3MTIwMTA1FQIAEhgWM0VCMERDMEY0M0Q3NjMwMTIzNzc2RgA=,2026-03-27T18:08:20.937253
wamid.HBgMOTE4NjU3MTIwMTA1FQIAEhgWM0VCMDkzMDE5MzJBNjdGODY4QjM4NQA=,2026-03-27T18:08:35.679411
wamid.HBgMOTE4NjU3MTIwMTA1FQIAEhgWM0VCMDZENEE1NUZEMjY1QjEwQUZGMQA=,2026-03-27T18:08:47.721888
wamid.HBgMOTE4NjU3MTIwMTA1FQIAEhgWM0VCMEJBNUQxOUY0QkMyOEEzRUZCNwA=,2026-03-27T18:09:00.279702
wamid.HBgMOTE4NjU3MTIwMTA1FQIAEhgWM0VCMDEwQ0JDQ0NEODRFQjgwMkZEQQA=,2026-03-27T18:09:20.055683
wamid.HBgMOTE4NjU3MTIwMTA1FQIAEhgWM0VCMDg3N0Y5QzEzMTY2NzREOUQ5RAA=,2026-03-27T18:10:31.866078
wamid.HBgMOTE4NjU3MTIwMTA1FQIAEhgWM0VCMDNERTZGNEJGMTU2NzIwNzdDMQA=,2026-03-27T18:10:42.399128
wamid.HBgMOTE4NjU3MTIwMTA1FQIAEhgWM0VCMDIzRkZBNjJFOTk1MEZERDFCRQA=,2026-03-27T18:10:51.740286
wamid.HBgMOTE4NjU3MTIwMTA1FQIAEhgWM0VCMDA0MTBFQjZEQ0ZDRkI0RDBEQQA=,2026-03-27T18:13:44.979965
wamid.HBgMOTE4NjU3MTIwMTA1FQIAEhgWM0VCMDQ0MzNFRjg5N0E4NTM1RDU0RgA=,2026-03-27T18:14:10.096461
wamid.HBgMOTE4NjU3MTIwMTA1FQIAEhgWM0VCMDkxQzJERkVGQjhCN0ZENEMxRAA=,2026-03-27T18:14:18.662642
wamid.HBgMOTE4NjU3MTIwMTA1FQIAEhgWM0VCMDI4NTNFMTQzOUM3NzUyN0ExRQA=,2026-03-27T18:16:51.308825
wamid.HBgMOTE4NjU3MTIwMTA1FQIAEhgWM0VCMEIwNDg4N0IzNUM5RTQxQUFEMwA=,2026-03-27T18:17:00.032026
wamid.HBgMOTE4NjU3MTIwMTA1FQIAEhggQUMyOTg3M0I4RUE4MEQyQTVDRUVDMzE1REY5QkY0RDUA,2026-03-27T18:20:18.003298
wamid.HBgMOTE4NjU3MTIwMTA1FQIAEhggQUNDOTJDNjBFMjE1RkY5M0UzREEwRDI2MDc3MEY4RTYA,2026-03-27T18:20:25.757058
wamid.HBgMOTE4NjU3MTIwMTA1FQIAEhggQUM2MjIxNjg5NjU1RjQ2NzQzMDVFQTc4RkEyQTI4NDEA,2026-03-27T18:20:35.722901
wamid.HBgMOTE4NjU3MTIwMTA1FQIAEhggQUMzQTE3QzcwRjIyMjMxM0U5MDE0MjY3OTQ3MkVDRjEA,2026-03-27T18:21:11.026940
wamid.HBgMOTE4NjU3MTIwMTA1FQIAEhggQUNBQTcyOTYxOTUzMDUyQTVFOEU4REU1OEUyQzRBQUQA,2026-03-27T18:21:56.191973
wamid.HBgMOTE4NjU3MTIwMTA1FQIAEhggQUNGRjQxM0E3NTRDQTRDNTlDMzNBNUZDMTcyNTUyMjkA,2026-03-27T18:25:54.495194
wamid.HBgMOTE4NjU3MTIwMTA1FQIAEhgWM0VCMDk4OTNDODhGNTRENzgyNTUxRgA=,2026-03-27T18:35:35.649597
wamid.HBgMOTE4NjU3MTIwMTA1FQIAEhgWM0VCMDEwMkExMEQwMTI3RDFFNjlGNQA=,2026-03-27T18:53:41.989297
wamid.HBgMOTE4NjU3MTIwMTA1FQIAEhgWM0VCMDNENTFCMUFGNjk3QURDMEU3RAA=,2026-03-27T18:53:56.736224
wamid.HBgMOTE4NjU3MTIwMTA1FQIAEhgWM0VCMDNFMUIzM0NGREE4RUYyNzk4NAA=,2026-03-27T18:54:06.431995
wamid.HBgMOTE4NjU3MTIwMTA1FQIAEhgWM0VCMEVCMkQ4NEJFNDQzMzJFREY5RgA=,2026-03-27T18:54:14.479268
wamid.HBgMOTE4NjU3MTIwMTA1FQIAEhgWM0VCMDgyMDMyQkNDOTNFRTFBMjI3QgA=,2026-03-27T18:54:55.474982
wamid.HBgMOTE4NjU3MTIwMTA1FQIAEhgWM0VCMDJFOUFDMDQzMjg1Mjk1RTQwNwA=,2026-03-27T18:55:17.792586
wamid.HBgMOTE4NjU3MTIwMTA1FQIAEhgWM0VCMEI0MzJGM0FENTMzN0M2RkM1RAA=,2026-03-27T18:55:31.528731
wamid.HBgMOTE4NjU3MTIwMTA1FQIAEhgWM0VCMDg5REJFRTUzRTI0NDZENDQwNQA=,2026-03-27T18:55:59.659398
wamid.HBgMOTE4NjU3MTIwMTA1FQIAEhgWM0VCMDU1QkFCMkE3MzM5MTlCRTk1MwA=,2026-03-27T18:56:22.017492
wamid.HBgMOTE4NjU3MTIwMTA1FQIAEhgWM0VCMEYyODBCMjFDNzFBMTlBQUYzQwA=,2026-03-27T18:57:17.211880
wamid.HBgMOTE4NjU3MTIwMTA1FQIAEhgWM0VCMEVEMzk1NzNGQzcyODBFODhBOAA=,2026-03-27T18:57:27.363263
wamid.HBgMOTE4NjU3MTIwMTA1FQIAEhgWM0VCMDI2Njk2MUZBREZBRTFDQzcxQQA=,2026-03-27T18:58:00.912701
wamid.HBgMOTE4NjU3MTIwMTA1FQIAEhgWM0VCMERBN0M3ODUyOTRGNzZGMTM5OQA=,2026-03-27T19:00:20.739905
wamid.HBgMOTE4NjU3MTIwMTA1FQIAEhgWM0VCMDZCMUM5NjNCMzUxRkU3RkRCQgA=,2026-03-27T19:08:02.322701
wamid.HBgMOTE4NjU3MTIwMTA1FQIAEhgWM0VCMEZFRTRDQjE5QzBDQjZERkI0QQA=,2026-03-27T19:08:08.231565
wamid.HBgMOTE4NjU3MTIwMTA1FQIAEhgWM0VCMDQ1NUZBNkY5Q0U5MUMxQUM5MgA=,2026-03-27T19:09:01.595660
wamid.HBgMOTE4NjU3MTIwMTA1FQIAEhgWM0VCMDdCNEUyRjA3NTg5OEI5MjYyMAA=,2026-03-27T19:09:09.519866
wamid.HBgMOTE4NjU3MTIwMTA1FQIAEhgWM0VCMDFBMzdEODVENERDRTk1RDREQwA=,2026-03-27T19:10:02.865248
wamid.HBgMOTE4NjU3MTIwMTA1FQIAEhgWM0VCMDBFOUUwNjEzQTRCNjkyQTlCQgA=,2026-03-27T19:10:12.520026
wamid.HBgMOTE4NjU3MTIwMTA1FQIAEhgWM0VCMDAwNjYwNTU0NzhFN0FERUVBQwA=,2026-03-27T19:10:22.105937
wamid.HBgMOTE4NjU3MTIwMTA1FQIAEhgWM0VCMEU3OERFM0QwMkI2Q0E1RTMzMwA=,2026-03-27T19:10:33.343228
wamid.HBgMOTE4NjU3MTIwMTA1FQIAEhgWM0VCMDI3RjExMTM5RTJBMDgyQzgxMQA=,2026-03-27T19:10:41.498394
